{"intents": [
  {"tag": "greeting",
    "patterns": ["Hey","Hi", "How are you", "Is anyone there?", "Hello", "Good day", "Whats up", "Hey", "greetings"],
    "responses": ["Hello Sir!", "Good to see you again!", "Hi there, how can I help?"]},
  {"tag": "create_note",
    "patterns": ["Please create a new note", "New note", "Create a note", "I want to create a note"],
    "responses": [""]},
  {"tag": "show_todos",
    "patterns": ["Show my todos", "What are my todos", "What is on my todo list"],
    "responses": [""]},
  {"tag": "exit",
    "patterns": ["Bye", "Stop", "Quit", "I want to quit", "Goodbye", "I want to exit", "I have to go"],
    "Responces":  [""]}
]}